path,label,section,permissionEntity,isSidebarLink,COO_ADMIN:nav,COO_ADMIN:view,COO_ADMIN:create,COO_ADMIN:edit,COO_ADMIN:delete,CEO_ADMIN:nav,CEO_ADMIN:view,CEO_ADMIN:create,CEO_ADMIN:edit,CEO_ADMIN:delete,CCO:nav,CCO:view,CCO:create,CCO:edit,CCO:delete,CFO:nav,CFO:view,CFO:create,CFO:edit,CFO:delete,PROGRAM_MANAGER:nav,PROGRAM_MANAGER:view,PROGRAM_MANAGER:create,PROGRAM_MANAGER:edit,PROGRAM_MANAGER:delete,PROGRAM_FINANCE_MANAGER:nav,PROGRAM_FINANCE_MANAGER:view,PROGRAM_FINANCE_MANAGER:create,PROGRAM_FINANCE_MANAGER:edit,PROGRAM_FINANCE_MANAGER:delete,CONSTRUCTION_MANAGER:nav,CONSTRUCTION_MANAGER:view,CONSTRUCTION_MANAGER:create,CONSTRUCTION_MANAGER:edit,CONSTRUCTION_MANAGER:delete,QUALITY_MANAGER:nav,QUALITY_MANAGER:view,QUALITY_MANAGER:create,QUALITY_MANAGER:edit,QUALITY_MANAGER:delete,ENGINEERING_MANAGER:nav,ENGINEERING_MANAGER:view,ENGINEERING_MANAGER:create,ENGINEERING_MANAGER:edit,ENGINEERING_MANAGER:delete,KEY_ACCOUNTS_MANAGER:nav,KEY_ACCOUNTS_MANAGER:view,KEY_ACCOUNTS_MANAGER:create,KEY_ACCOUNTS_MANAGER:edit,KEY_ACCOUNTS_MANAGER:delete,ACCOUNTANT:nav,ACCOUNTANT:view,ACCOUNTANT:create,ACCOUNTANT:edit,ACCOUNTANT:delete,ENGINEER:nav,ENGINEER:view,ENGINEER:create,ENGINEER:edit,ENGINEER:delete,PROJECT_MANAGER_SITE:nav,PROJECT_MANAGER_SITE:view,PROJECT_MANAGER_SITE:create,PROJECT_MANAGER_SITE:edit,PROJECT_MANAGER_SITE:delete,PROJECT_DEVELOPER:nav,PROJECT_DEVELOPER:view,PROJECT_DEVELOPER:create,PROJECT_DEVELOPER:edit,PROJECT_DEVELOPER:delete,HSE_MANAGER:nav,HSE_MANAGER:view,HSE_MANAGER:create,HSE_MANAGER:edit,HSE_MANAGER:delete,SSEG_MANAGER:nav,SSEG_MANAGER:view,SSEG_MANAGER:create,SSEG_MANAGER:edit,SSEG_MANAGER:delete,COO_SUPER_ADMIN:nav,COO_SUPER_ADMIN:view,COO_SUPER_ADMIN:create,COO_SUPER_ADMIN:edit,COO_SUPER_ADMIN:delete
/company-overview,Company Overview,PORTFOLIO,execution_board,Y,Y,Y,Y,Y,Y,Y,Y,Y,Y,Y,Y,Y,N,N,N,Y,Y,N,N,N,Y,Y,Y,Y,N,Y,Y,N,N,N,N,Y,N,N,N,N,Y,N,N,N,N,Y,N,N,N,Y,Y,N,N,N,N,Y,N,N,N,N,Y,N,N,N,N,Y,N,N,N,N,Y,N,N,N,N,Y,N,N,N,N,Y,N,N,N,Y,Y,Y,Y,Y
/ceo,CEO Dashboard,,execution_board,N,N,Y,Y,Y,Y,N,Y,Y,Y,Y,N,Y,N,N,N,N,Y,N,N,N,N,Y,Y,Y,N,N,Y,N,N,N,N,Y,N,N,N,N,Y,N,N,N,N,Y,N,N,N,N,Y,N,N,N,N,Y,N,N,N,N,Y,N,N,N,N,Y,N,N,N,N,Y,N,N,N,N,Y,N,N,N,N,Y,N,N,N,N,Y,Y,Y,Y
/coo,COO Dashboard,,execution_board,N,N,Y,Y,Y,Y,N,Y,Y,Y,Y,N,Y,N,N,N,N,Y,N,N,N,N,Y,Y,Y,N,N,Y,N,N,N,N,Y,N,N,N,N,Y,N,N,N,N,Y,N,N,N,N,Y,N,N,N,N,Y,N,N,N,N,Y,N,N,N,N,Y,N,N,N,N,Y,N,N,N,N,Y,N,N,N,N,Y,N,N,N,N,Y,Y,Y,Y
/settings,Settings,ADMIN,admin_roles,Y,Y,Y,Y,Y,Y,Y,Y,Y,Y,Y,N,N,N,N,N,N,N,N,N,N,N,N,N,N,N,N,N,N,N,N,N,N,N,N,N,N,N,N,N,N,N,N,N,N,N,N,N,N,N,N,N,N,N,N,N,N,N,N,N,N,N,N,N,N,N,N,N,N,N,N,N,N,N,N,N,N,N,N,N,N,Y,Y,Y,Y,Y
/projects/:projectId/documents,Project Documents,,projects,N,N,Y,Y,Y,Y,N,Y,Y,Y,Y,N,Y,Y,Y,N,N,Y,N,N,N,N,Y,Y,Y,N,N,Y,Y,Y,N,N,Y,Y,Y,N,N,Y,N,N,N,N,Y,N,N,N,N,Y,N,N,N,N,Y,N,N,N,N,Y,N,N,N,N,Y,N,N,N,N,Y,N,N,N,N,Y,N,N,N,N,Y,N,N,N,N,Y,Y,Y,Y
/admin/document-types,Document types,ADMIN,admin_roles,Y,Y,Y,Y,Y,Y,Y,Y,Y,Y,Y,N,N,N,N,N,N,N,N,N,N,N,N,N,N,N,N,N,N,N,N,N,N,N,N,N,N,N,N,N,N,N,N,N,N,N,N,N,N,N,N,N,N,N,N,N,N,N,N,N,N,N,N,N,N,N,N,N,N,N,N,N,N,N,N,N,N,N,N,N,N,Y,Y,Y,Y,Y
/admin/email-linker-dev,Email auto-linker (dev),,admin_roles,N,N,Y,Y,Y,Y,N,Y,Y,Y,Y,N,N,N,N,N,N,N,N,N,N,N,N,N,N,N,N,N,N,N,N,N,N,N,N,N,N,N,N,N,N,N,N,N,N,N,N,N,N,N,N,N,N,N,N,N,N,N,N,N,N,N,N,N,N,N,N,N,N,N,N,N,N,N,N,N,N,N,N,N,N,N,Y,Y,Y,Y
/handover/:projectId/live,Handover live meeting,,projects,N,N,Y,Y,Y,Y,N,Y,Y,Y,Y,N,Y,Y,Y,N,N,Y,N,N,N,N,Y,Y,Y,N,N,Y,Y,Y,N,N,Y,Y,Y,N,N,Y,N,N,N,N,Y,N,N,N,N,Y,N,N,N,N,Y,N,N,N,N,Y,N,N,N,N,Y,N,N,N,N,Y,N,N,N,N,Y,N,N,N,N,Y,N,N,N,N,Y,Y,Y,Y
/project-lifecycle,Project Lifecycle,,lifecycle,N,N,Y,Y,Y,Y,N,Y,Y,Y,Y,N,Y,N,N,N,N,Y,N,N,N,N,Y,Y,Y,N,N,Y,N,N,N,N,Y,N,N,N,N,Y,N,N,N,N,Y,N,N,N,N,Y,N,N,N,N,N,N,N,N,N,N,N,N,N,N,Y,N,N,N,N,Y,N,N,N,N,Y,N,N,N,N,Y,N,N,N,N,Y,Y,Y,Y
/project-lifecycle/stage-gates,Stage Gates,,lifecycle,N,N,Y,Y,Y,Y,N,Y,Y,Y,Y,N,Y,N,N,N,N,Y,N,N,N,N,Y,Y,Y,N,N,Y,N,N,N,N,Y,N,N,N,N,Y,N,N,N,N,Y,N,N,N,N,Y,N,N,N,N,N,N,N,N,N,N,N,N,N,N,Y,N,N,N,N,Y,N,N,N,N,Y,N,N,N,N,Y,N,N,N,N,Y,Y,Y,Y
/project-lifecycle/latest-updates,Latest Updates,,projects,N,N,Y,Y,Y,Y,N,Y,Y,Y,Y,N,Y,Y,Y,N,N,Y,N,N,N,N,Y,Y,Y,N,N,Y,Y,Y,N,N,Y,Y,Y,N,N,Y,N,N,N,N,Y,N,N,N,N,Y,N,N,N,N,Y,N,N,N,N,Y,N,N,N,N,Y,N,N,N,N,Y,N,N,N,N,Y,N,N,N,N,Y,N,N,N,N,Y,Y,Y,Y
/project-lifecycle/client-overview,Client Overview,,pd_clients,N,N,Y,Y,Y,Y,N,Y,Y,Y,Y,N,Y,Y,Y,N,N,N,N,N,N,N,N,N,N,N,N,N,N,N,N,N,N,N,N,N,N,N,N,N,N,N,N,N,N,N,N,Y,Y,Y,N,N,N,N,N,N,N,N,N,N,N,N,N,N,N,N,N,Y,Y,Y,N,N,N,N,N,N,N,N,N,N,N,N,Y,Y,Y,Y
/projects,Project List,PROJECT_DELIVERY,projects,Y,Y,Y,Y,Y,Y,Y,Y,Y,Y,Y,N,Y,Y,Y,N,Y,Y,N,N,N,Y,Y,Y,Y,N,Y,Y,Y,Y,N,Y,Y,Y,Y,N,Y,Y,N,N,N,Y,Y,N,N,N,N,Y,N,N,N,N,Y,N,N,N,N,Y,N,N,N,Y,Y,N,N,N,N,Y,N,N,N,Y,Y,N,N,N,Y,Y,N,N,N,Y,Y,Y,Y,Y
/project/:projectName/financial-linking,Financial Linking,,financial_linking,N,N,Y,Y,Y,Y,N,Y,Y,Y,Y,N,N,N,N,N,N,Y,Y,Y,N,N,N,N,N,N,N,Y,N,N,N,N,N,N,N,N,N,N,N,N,N,N,N,N,N,N,N,N,N,N,N,N,Y,N,N,N,N,N,N,N,N,N,N,N,N,N,N,N,N,N,N,N,N,N,N,N,N,N,N,N,N,N,Y,Y,Y,Y
/project/:projectName,Project Detail,,projects,N,N,Y,Y,Y,Y,N,Y,Y,Y,Y,N,Y,Y,Y,N,N,Y,N,N,N,N,Y,Y,Y,N,N,Y,Y,Y,N,N,Y,Y,Y,N,N,Y,N,N,N,N,Y,N,N,N,N,Y,N,N,N,N,Y,N,N,N,N,Y,N,N,N,N,Y,N,N,N,N,Y,N,N,N,N,Y,N,N,N,N,Y,N,N,N,N,Y,Y,Y,Y
/project/:projectName/gate/:stageCode,Project Stage Gate,,stage_lifecycle,N,N,Y,Y,Y,Y,N,Y,Y,Y,Y,N,Y,N,N,N,N,Y,N,N,N,N,Y,Y,Y,N,N,Y,N,N,N,N,Y,N,Y,N,N,Y,N,N,N,N,Y,N,N,N,N,Y,N,N,N,N,Y,N,N,N,N,Y,N,N,N,N,Y,N,Y,N,N,Y,N,Y,N,N,Y,N,N,N,N,Y,N,N,N,N,Y,Y,Y,Y
/cashflow,Cashflow,FINANCE,cashflow,Y,Y,Y,Y,Y,Y,Y,Y,Y,Y,Y,Y,Y,N,N,N,Y,Y,Y,Y,N,Y,Y,N,N,N,Y,Y,Y,Y,N,Y,N,N,N,N,N,N,N,N,N,N,N,N,N,N,Y,N,N,N,N,Y,Y,Y,Y,N,N,N,N,N,N,Y,Y,N,N,N,Y,N,N,N,N,N,N,N,N,N,N,N,N,N,N,Y,Y,Y,Y,Y
/cos,COS,FINANCE,cos,Y,Y,Y,Y,Y,Y,Y,Y,Y,Y,Y,Y,Y,N,N,N,Y,Y,Y,Y,N,Y,Y,N,N,N,Y,Y,Y,Y,N,Y,N,N,N,N,N,N,N,N,N,N,N,N,N,N,Y,N,N,N,N,Y,Y,Y,Y,N,N,N,N,N,N,Y,Y,N,N,N,Y,N,N,N,N,N,N,N,N,N,N,N,N,N,N,Y,Y,Y,Y,Y
/revenue-tracker,Revenue,FINANCE,revenue_tracker,Y,Y,Y,Y,Y,Y,Y,Y,Y,Y,Y,Y,Y,N,N,N,Y,Y,Y,Y,N,Y,Y,N,N,N,Y,Y,Y,Y,N,Y,N,N,N,N,N,N,N,N,N,N,N,N,N,N,Y,N,N,N,N,Y,Y,Y,Y,N,N,N,N,N,N,Y,N,N,N,N,Y,N,N,N,N,N,N,N,N,N,N,N,N,N,N,Y,Y,Y,Y,Y
/finance/quickbooks,QB Throughput,FINANCE,financials,Y,Y,Y,Y,Y,Y,Y,Y,Y,Y,Y,Y,Y,N,N,N,Y,Y,Y,Y,N,Y,Y,N,N,N,Y,Y,Y,Y,N,Y,N,N,N,N,N,N,N,N,N,N,N,N,N,N,Y,N,N,N,N,Y,Y,Y,Y,N,N,N,N,N,N,Y,N,N,N,N,Y,N,N,N,N,N,N,N,N,N,N,N,N,N,N,Y,Y,Y,Y,Y
/priorities,Priorities,,company_priorities,N,N,Y,Y,Y,Y,N,Y,Y,Y,Y,N,Y,Y,Y,N,N,Y,N,N,N,N,Y,N,N,N,N,Y,N,N,N,N,Y,N,N,N,N,Y,N,N,N,N,Y,N,N,N,N,Y,N,N,N,N,N,N,N,N,N,N,N,N,N,N,N,N,N,N,N,N,N,N,N,N,Y,N,N,N,N,Y,N,N,N,N,Y,Y,Y,Y
/priorities/:id,Priority Detail,,company_priorities,N,N,Y,Y,Y,Y,N,Y,Y,Y,Y,N,Y,Y,Y,N,N,Y,N,N,N,N,Y,N,N,N,N,Y,N,N,N,N,Y,N,N,N,N,Y,N,N,N,N,Y,N,N,N,N,Y,N,N,N,N,N,N,N,N,N,N,N,N,N,N,N,N,N,N,N,N,N,N,N,N,Y,N,N,N,N,Y,N,N,N,N,Y,Y,Y,Y
/admin/my-tool-settings,My Work Settings,,admin,N,N,Y,Y,Y,Y,N,Y,Y,Y,Y,N,N,N,N,N,N,N,N,N,N,N,N,N,N,N,N,N,N,N,N,N,N,N,N,N,N,N,N,N,N,N,N,N,N,N,N,N,N,N,N,N,N,N,N,N,N,N,N,N,N,N,N,N,N,N,N,N,N,N,N,N,N,N,N,N,N,N,N,N,N,N,Y,Y,Y,Y
/admin/sharepoint-intake,SharePoint Intake,,admin,N,N,Y,Y,Y,Y,N,Y,Y,Y,Y,N,N,N,N,N,N,N,N,N,N,N,N,N,N,N,N,N,N,N,N,N,N,N,N,N,N,N,N,N,N,N,N,N,N,N,N,N,N,N,N,N,N,N,N,N,N,N,N,N,N,N,N,N,N,N,N,N,N,N,N,N,N,N,N,N,N,N,N,N,N,N,Y,Y,Y,Y
/quality,Quality,QUALITY,quality,Y,Y,Y,Y,Y,Y,N,Y,Y,Y,Y,N,Y,N,N,N,N,N,N,N,N,Y,Y,N,N,N,N,Y,N,N,N,Y,Y,Y,Y,N,Y,Y,Y,Y,N,Y,Y,N,N,N,N,N,N,N,N,N,N,N,N,N,Y,N,N,N,N,Y,Y,N,N,N,N,Y,N,N,N,N,Y,Y,Y,N,Y,Y,N,N,N,Y,Y,Y,Y,Y
/engineering,Engineering,ENGINEERING,engineering,Y,Y,Y,Y,Y,Y,N,Y,Y,Y,Y,N,Y,N,N,N,N,N,N,N,N,N,Y,Y,Y,N,N,Y,N,N,N,N,N,N,N,N,N,Y,N,N,N,Y,Y,Y,Y,N,N,N,N,N,N,N,N,N,N,N,Y,Y,Y,Y,N,N,Y,N,N,N,N,Y,N,N,N,N,N,N,N,N,Y,Y,Y,Y,N,Y,Y,Y,Y,Y
/engineering/tasks,Task Board,ENGINEERING,eng_tasks,Y,Y,Y,Y,Y,Y,N,Y,Y,Y,Y,N,Y,N,N,N,N,N,N,N,N,N,Y,Y,Y,N,N,N,N,N,N,N,N,N,N,N,N,Y,N,N,N,Y,Y,Y,Y,Y,N,N,N,N,N,N,N,N,N,N,Y,Y,Y,Y,N,N,Y,N,N,N,N,Y,N,N,N,N,N,N,N,N,Y,N,N,N,N,Y,Y,Y,Y,Y
/engineering/standup,Engineering Standup,ENGINEERING,standups,Y,Y,Y,Y,Y,Y,N,Y,Y,Y,Y,N,Y,N,N,N,N,Y,N,N,N,N,Y,Y,Y,Y,N,Y,N,N,N,N,Y,Y,Y,N,N,Y,N,N,N,Y,Y,Y,Y,N,N,Y,N,N,N,N,Y,N,N,N,Y,Y,N,N,N,N,Y,N,N,N,N,Y,N,N,N,N,Y,N,N,N,Y,Y,N,N,N,Y,Y,Y,Y,Y
/engineering/audit,Engineering Audit Log,,admin,N,N,Y,Y,Y,Y,N,Y,Y,Y,Y,N,N,N,N,N,N,N,N,N,N,N,N,N,N,N,N,N,N,N,N,N,N,N,N,N,N,N,N,N,N,N,N,N,N,N,N,N,N,N,N,N,N,N,N,N,N,N,N,N,N,N,N,N,N,N,N,N,N,N,N,N,N,N,N,N,N,N,N,N,N,N,Y,Y,Y,Y
/lifecycle-board,Lifecycle Board,PORTFOLIO,lifecycle,Y,Y,Y,Y,Y,Y,Y,Y,Y,Y,Y,Y,Y,N,N,N,Y,Y,N,N,N,Y,Y,Y,Y,N,Y,Y,N,N,N,N,Y,N,N,N,N,Y,N,N,N,N,Y,N,N,N,Y,Y,N,N,N,N,N,N,N,N,N,N,N,N,N,N,Y,N,N,N,N,Y,N,N,N,N,Y,N,N,N,N,Y,N,N,N,Y,Y,Y,Y,Y
/execution-board,Execution Board,PROJECT_DELIVERY,execution_board,Y,Y,Y,Y,Y,Y,Y,Y,Y,Y,Y,N,Y,N,N,N,Y,Y,N,N,N,Y,Y,Y,Y,N,Y,Y,N,N,N,Y,Y,N,N,N,Y,Y,N,N,N,Y,Y,N,N,N,N,Y,N,N,N,N,Y,N,N,N,N,Y,N,N,N,Y,Y,N,N,N,N,Y,N,N,N,Y,Y,N,N,N,Y,Y,N,N,N,Y,Y,Y,Y,Y
/execution-board/program,Program View,,execution_board,N,N,Y,Y,Y,Y,N,Y,Y,Y,Y,N,Y,N,N,N,N,Y,N,N,N,N,Y,Y,Y,N,N,Y,N,N,N,N,Y,N,N,N,N,Y,N,N,N,N,Y,N,N,N,N,Y,N,N,N,N,Y,N,N,N,N,Y,N,N,N,N,Y,N,N,N,N,Y,N,N,N,N,Y,N,N,N,N,Y,N,N,N,N,Y,Y,Y,Y
/execution-board/finance,Program Finance,,execution_board,N,N,Y,Y,Y,Y,N,Y,Y,Y,Y,N,Y,N,N,N,N,Y,N,N,N,N,Y,Y,Y,N,N,Y,N,N,N,N,Y,N,N,N,N,Y,N,N,N,N,Y,N,N,N,N,Y,N,N,N,N,Y,N,N,N,N,Y,N,N,N,N,Y,N,N,N,N,Y,N,N,N,N,Y,N,N,N,N,Y,N,N,N,N,Y,Y,Y,Y
/admin/smart-import,Smart Import,ADMIN,smart_import,Y,Y,Y,Y,Y,Y,Y,Y,Y,Y,Y,N,Y,N,N,N,N,N,N,N,N,N,Y,Y,Y,N,N,Y,Y,Y,N,N,N,N,N,N,N,N,N,N,N,N,N,N,N,N,N,N,N,N,N,N,N,N,N,N,N,N,N,N,N,N,N,N,N,N,N,N,N,N,N,N,N,N,N,N,N,N,N,N,N,Y,Y,Y,Y,Y
/invoice-patterns,Invoice Patterns,,invoice_patterns,N,N,Y,Y,Y,Y,N,Y,Y,Y,Y,N,N,N,N,N,N,Y,N,N,N,N,N,N,N,N,N,Y,Y,Y,N,N,N,N,N,N,N,N,N,N,N,N,N,N,N,N,N,N,N,N,N,N,N,N,N,N,N,N,N,N,N,N,N,N,N,N,N,N,N,N,N,N,N,N,N,N,N,N,N,N,N,N,Y,Y,Y,Y
/counterparties,Counterparties,,counterparties,N,N,Y,Y,Y,Y,N,Y,Y,Y,Y,N,Y,N,N,N,N,Y,N,N,N,N,Y,Y,Y,N,N,Y,Y,Y,N,N,Y,Y,Y,N,N,N,N,N,N,N,N,N,N,N,N,N,N,N,N,N,Y,N,N,N,N,N,N,N,N,N,N,N,N,N,N,N,N,N,N,N,N,N,N,N,N,N,N,N,N,N,Y,Y,Y,Y
/subcontractor-dashboard,Subcontractors,,subcontractors,N,N,Y,Y,Y,Y,N,Y,Y,Y,Y,N,Y,N,N,N,N,Y,N,N,N,N,Y,Y,Y,N,N,Y,Y,Y,N,N,Y,Y,Y,N,N,N,N,N,N,N,N,N,N,N,N,N,N,N,N,N,Y,N,N,N,N,N,N,N,N,N,N,N,N,N,N,N,N,N,N,N,N,N,N,N,N,N,N,N,N,N,Y,Y,Y,Y
/admin/activity-log,Activity Log,ADMIN,activity_log,Y,Y,Y,Y,Y,Y,Y,Y,Y,Y,Y,N,N,N,N,N,N,N,N,N,N,N,N,N,N,N,N,N,N,N,N,N,N,N,N,N,N,N,N,N,N,N,N,N,N,N,N,N,N,N,N,N,N,N,N,N,N,N,N,N,N,N,N,N,N,N,N,N,N,N,N,N,N,N,N,N,N,N,N,N,N,Y,Y,Y,Y,Y
/weekly-reviews,Weekly Reviews,,weekly_review_wizard,N,N,Y,Y,Y,Y,N,Y,Y,Y,Y,N,Y,N,N,N,N,Y,N,N,N,N,Y,Y,Y,N,N,Y,Y,Y,N,N,Y,Y,Y,N,N,Y,N,N,N,N,Y,N,N,N,N,Y,N,N,N,N,N,N,N,N,N,N,N,N,N,N,Y,Y,Y,N,N,Y,N,N,N,N,Y,N,N,N,N,Y,N,N,N,N,Y,Y,Y,Y
/admin/roles,Roles & Permissions,ADMIN,admin_roles,Y,Y,Y,Y,Y,Y,Y,Y,Y,Y,Y,N,N,N,N,N,N,N,N,N,N,N,N,N,N,N,N,N,N,N,N,N,N,N,N,N,N,N,N,N,N,N,N,N,N,N,N,N,N,N,N,N,N,N,N,N,N,N,N,N,N,N,N,N,N,N,N,N,N,N,N,N,N,N,N,N,N,N,N,N,N,Y,Y,Y,Y,Y
/leaderboard,Leaderboard,,leaderboard,N,N,Y,Y,Y,Y,N,Y,Y,Y,Y,N,Y,N,N,N,N,Y,N,N,N,N,Y,N,N,N,N,Y,N,N,N,N,Y,N,N,N,N,Y,N,N,N,N,Y,N,N,N,N,Y,N,N,N,N,Y,N,N,N,N,Y,N,N,N,N,Y,N,N,N,N,Y,N,N,N,N,Y,N,N,N,N,Y,N,N,N,N,Y,Y,Y,Y
/feedback,Feedback & Support,,feedback,N,N,Y,Y,Y,Y,N,Y,Y,Y,Y,N,Y,Y,Y,N,N,Y,Y,Y,N,N,Y,Y,Y,N,N,Y,Y,Y,N,N,Y,Y,Y,N,N,Y,Y,Y,N,N,Y,Y,Y,N,N,Y,Y,Y,N,N,Y,Y,Y,N,N,Y,Y,Y,N,N,Y,Y,Y,N,N,Y,Y,Y,N,N,Y,Y,Y,N,N,Y,Y,Y,N,N,Y,Y,Y,Y
/ee-info,Processes & SOPs,ADMIN,ee_info,Y,Y,Y,Y,Y,Y,Y,Y,Y,Y,Y,N,Y,N,N,N,N,Y,N,N,N,N,Y,N,N,N,N,Y,N,N,N,N,Y,N,N,N,N,Y,N,N,N,N,Y,N,N,N,N,Y,N,N,N,N,Y,N,N,N,N,Y,N,N,N,N,Y,N,N,N,N,Y,N,N,N,N,Y,N,N,N,N,Y,N,N,N,Y,Y,Y,Y,Y
/training,Training,,training,N,N,Y,Y,Y,Y,N,Y,Y,Y,Y,N,Y,Y,N,N,N,Y,Y,N,N,N,Y,Y,N,N,N,Y,Y,N,N,N,Y,Y,N,N,N,Y,Y,N,N,N,Y,Y,N,N,N,Y,Y,N,N,N,Y,Y,N,N,N,Y,Y,N,N,N,Y,Y,N,N,N,Y,Y,N,N,N,Y,Y,N,N,N,Y,Y,N,N,N,Y,Y,Y,Y
/portfolios,Portfolios,PROJECT_DELIVERY,portfolios,Y,Y,Y,Y,Y,Y,Y,Y,Y,Y,Y,N,Y,N,N,N,Y,Y,N,N,N,Y,Y,Y,Y,N,Y,Y,N,N,N,Y,N,N,N,N,Y,N,N,N,N,Y,N,N,N,N,N,Y,N,N,N,N,N,N,N,N,N,N,N,N,N,Y,N,N,N,N,N,N,N,N,N,Y,N,N,N,N,Y,N,N,N,N,Y,Y,Y,Y,Y
/portfolios/:id,Portfolio Detail,,portfolio_detail,N,N,Y,Y,Y,Y,N,Y,Y,Y,Y,N,Y,N,N,N,N,Y,N,N,N,N,Y,Y,Y,N,N,Y,N,N,N,N,N,N,N,N,N,N,N,N,N,N,N,N,N,N,N,Y,N,N,N,N,N,N,N,N,N,N,N,N,N,N,N,N,N,N,N,N,N,N,N,N,N,N,N,N,N,N,N,N,N,N,Y,Y,Y,Y
/pd,Project Development Dashboard,PROJECT_DEVELOPMENT,pd_dashboard,Y,Y,Y,Y,Y,Y,Y,Y,Y,Y,Y,Y,Y,N,N,N,N,N,N,N,N,N,Y,N,N,N,N,N,N,N,N,N,N,N,N,N,N,N,N,N,N,N,N,N,N,N,Y,Y,N,N,N,N,N,N,N,N,N,N,N,N,N,N,N,N,N,N,Y,Y,N,N,N,N,N,N,N,N,N,N,N,N,N,Y,Y,Y,Y,Y
/execution-dashboard,Execution Dashboard,,execution_board,N,N,Y,Y,Y,Y,N,Y,Y,Y,Y,N,Y,N,N,N,N,Y,N,N,N,N,Y,Y,Y,N,N,Y,N,N,N,N,Y,N,N,N,N,Y,N,N,N,N,Y,N,N,N,N,Y,N,N,N,N,Y,N,N,N,N,Y,N,N,N,N,Y,N,N,N,N,Y,N,N,N,N,Y,N,N,N,N,Y,N,N,N,N,Y,Y,Y,Y
/pm-dashboard,PM Dashboard,PROJECT_DELIVERY,pm_dashboard,Y,Y,Y,Y,Y,Y,Y,Y,Y,Y,Y,N,Y,N,N,N,Y,N,N,N,N,Y,Y,Y,Y,N,Y,Y,N,N,N,Y,Y,N,N,N,Y,Y,N,N,N,Y,Y,N,N,N,N,N,N,N,N,N,N,N,N,N,N,N,N,N,N,Y,Y,N,N,N,N,Y,N,N,N,Y,Y,N,N,N,Y,Y,N,N,N,Y,Y,Y,Y,Y
/pm/on-the-go,PM On-The-Go,PROJECT_DELIVERY,pm_on_the_go,Y,Y,Y,Y,Y,Y,Y,Y,Y,Y,Y,N,N,N,N,N,Y,N,N,N,N,Y,N,N,N,N,Y,N,N,N,N,Y,N,N,N,N,Y,N,N,N,N,Y,N,N,N,N,N,N,N,N,N,N,N,N,N,N,N,N,N,N,N,Y,Y,Y,Y,N,N,N,N,N,N,Y,N,N,N,N,Y,N,N,N,N,Y,Y,Y,Y,Y
/pm/on-the-go/project/:projectId,On-The-Go Project,,pm_on_the_go,N,N,Y,Y,Y,Y,N,Y,Y,Y,Y,N,N,N,N,N,N,N,N,N,N,N,N,N,N,N,N,N,N,N,N,N,N,N,N,N,N,N,N,N,N,N,N,N,N,N,N,N,N,N,N,N,N,N,N,N,N,N,N,N,N,N,Y,Y,Y,N,N,N,N,N,N,N,N,N,N,N,N,N,N,N,N,N,Y,Y,Y,Y
/my-work,My Work,,home,N,N,Y,Y,Y,Y,N,Y,Y,Y,Y,N,Y,N,N,N,N,Y,N,N,N,N,Y,N,N,N,N,Y,N,N,N,N,Y,N,N,N,N,Y,N,N,N,N,Y,N,N,N,N,Y,N,N,N,N,Y,N,N,N,N,Y,N,N,N,N,Y,N,N,N,N,Y,N,N,N,N,Y,N,N,N,N,Y,N,N,N,N,Y,Y,Y,Y
/inbox,Inbox,,home,N,N,Y,Y,Y,Y,N,Y,Y,Y,Y,N,Y,N,N,N,N,Y,N,N,N,N,Y,N,N,N,N,Y,N,N,N,N,Y,N,N,N,N,Y,N,N,N,N,Y,N,N,N,N,Y,N,N,N,N,Y,N,N,N,N,Y,N,N,N,N,Y,N,N,N,N,Y,N,N,N,N,Y,N,N,N,N,Y,N,N,N,N,Y,Y,Y,Y
/my-work/calendar,Calendar,HOME,my_work,Y,Y,Y,Y,Y,Y,Y,Y,Y,Y,Y,Y,Y,Y,Y,N,Y,Y,Y,Y,N,Y,Y,Y,Y,N,Y,Y,Y,Y,N,Y,Y,Y,Y,N,Y,Y,Y,Y,N,Y,Y,Y,Y,N,Y,Y,Y,Y,N,Y,Y,Y,Y,N,Y,Y,Y,Y,N,Y,Y,Y,Y,N,Y,Y,Y,Y,N,Y,Y,Y,Y,N,Y,Y,Y,Y,N,Y,Y,Y,Y,Y
/my-work/tasks,Tasks,HOME,my_tool,Y,Y,Y,Y,Y,Y,Y,Y,Y,Y,Y,Y,Y,Y,Y,N,Y,Y,Y,Y,N,Y,Y,Y,Y,N,Y,Y,Y,Y,N,Y,Y,Y,Y,N,Y,Y,Y,Y,N,Y,Y,Y,Y,N,Y,Y,Y,Y,N,Y,Y,Y,Y,N,Y,Y,Y,Y,N,Y,Y,Y,Y,N,Y,Y,Y,Y,N,Y,Y,Y,Y,N,Y,Y,Y,Y,N,Y,Y,Y,Y,Y
/my-work/meetings,Meetings,HOME,meetings,Y,Y,Y,Y,Y,Y,Y,Y,Y,Y,Y,Y,Y,Y,Y,N,Y,Y,Y,Y,N,Y,Y,Y,Y,N,Y,Y,Y,Y,N,Y,Y,Y,Y,N,Y,Y,Y,Y,N,Y,Y,Y,Y,N,Y,Y,Y,Y,N,Y,Y,Y,Y,N,Y,Y,Y,Y,N,Y,Y,Y,Y,N,Y,Y,Y,Y,N,Y,Y,Y,Y,N,Y,Y,Y,Y,N,Y,Y,Y,Y,Y
/my-work/email,Email,,collaboration_hub,N,N,Y,Y,Y,Y,N,Y,Y,Y,Y,N,Y,N,N,N,N,Y,N,N,N,N,Y,Y,Y,N,N,Y,Y,Y,N,N,Y,Y,Y,N,N,Y,N,N,N,N,Y,N,N,N,N,Y,N,N,N,N,Y,N,N,N,N,Y,N,N,N,N,Y,Y,Y,N,N,Y,N,N,N,N,Y,N,N,N,N,Y,N,N,N,N,Y,Y,Y,Y
/my-work/teams,Teams Chat,,teams_chat,N,N,Y,Y,Y,Y,N,Y,Y,Y,Y,N,Y,Y,Y,N,N,Y,Y,Y,N,N,Y,Y,Y,Y,N,Y,Y,Y,N,N,Y,Y,Y,N,N,Y,Y,Y,N,N,Y,Y,Y,N,N,Y,Y,Y,N,N,Y,Y,Y,N,N,Y,Y,Y,N,N,Y,Y,Y,N,N,Y,Y,Y,N,N,Y,Y,Y,N,N,Y,Y,Y,N,N,Y,Y,Y,Y
/my-work/settings,Settings,,home,N,N,Y,Y,Y,Y,N,Y,Y,Y,Y,N,Y,N,N,N,N,Y,N,N,N,N,Y,N,N,N,N,Y,N,N,N,N,Y,N,N,N,N,Y,N,N,N,N,Y,N,N,N,N,Y,N,N,N,N,Y,N,N,N,N,Y,N,N,N,N,Y,N,N,N,N,Y,N,N,N,N,Y,N,N,N,N,Y,N,N,N,N,Y,Y,Y,Y
/admin/database-migration,Database Migration,,database_migration,N,N,Y,Y,Y,Y,N,Y,Y,Y,Y,N,N,N,N,N,N,N,N,N,N,N,N,N,N,N,N,N,N,N,N,N,N,N,N,N,N,N,N,N,N,N,N,N,N,N,N,N,N,N,N,N,N,N,N,N,N,N,N,N,N,N,N,N,N,N,N,N,N,N,N,N,N,N,N,N,N,N,N,N,N,N,Y,Y,Y,Y
/admin/kpi-traceability,KPI Traceability,,admin,N,N,Y,Y,Y,Y,N,Y,Y,Y,Y,N,N,N,N,N,N,N,N,N,N,N,N,N,N,N,N,N,N,N,N,N,N,N,N,N,N,N,N,N,N,N,N,N,N,N,N,N,N,N,N,N,N,N,N,N,N,N,N,N,N,N,N,N,N,N,N,N,N,N,N,N,N,N,N,N,N,N,N,N,N,N,Y,Y,Y,Y
/admin/import-control-tower,Import Control Tower,,admin,N,N,Y,Y,Y,Y,N,Y,Y,Y,Y,N,N,N,N,N,N,N,N,N,N,N,N,N,N,N,N,N,N,N,N,N,N,N,N,N,N,N,N,N,N,N,N,N,N,N,N,N,N,N,N,N,N,N,N,N,N,N,N,N,N,N,N,N,N,N,N,N,N,N,N,N,N,N,N,N,N,N,N,N,N,N,Y,Y,Y,Y
/reports/programme,Programme Reports,REPORTS,reports,Y,Y,Y,Y,Y,Y,Y,Y,Y,Y,Y,Y,Y,N,N,N,Y,Y,N,N,N,Y,Y,Y,Y,N,Y,Y,Y,Y,N,Y,Y,Y,Y,N,Y,Y,N,N,N,Y,Y,Y,Y,N,N,Y,N,N,N,N,Y,N,N,N,N,Y,N,N,N,Y,Y,N,N,N,N,Y,N,N,N,Y,Y,N,N,N,N,Y,N,N,N,Y,Y,Y,Y,Y
/reports/center,Report Center,,reports,N,N,Y,Y,Y,Y,N,Y,Y,Y,Y,N,Y,N,N,N,N,Y,N,N,N,N,Y,Y,Y,N,N,Y,Y,Y,N,N,Y,Y,Y,N,N,Y,N,N,N,N,Y,Y,Y,N,N,Y,N,N,N,N,Y,N,N,N,N,Y,N,N,N,N,Y,N,N,N,N,Y,N,N,N,N,Y,N,N,N,N,Y,N,N,N,N,Y,Y,Y,Y
/reports/performance,Performance,,performance,N,N,Y,Y,Y,Y,N,Y,Y,Y,Y,N,Y,N,N,N,N,Y,N,N,N,N,Y,N,N,N,N,Y,N,N,N,N,Y,N,N,N,N,Y,N,N,N,N,Y,N,N,N,N,Y,N,N,N,N,N,N,N,N,N,N,N,N,N,N,N,N,N,N,N,N,N,N,N,N,Y,N,N,N,N,Y,N,N,N,N,Y,Y,Y,Y
/reports/pm/monthly,PM Monthly Report,REPORTS,reports,Y,Y,Y,Y,Y,Y,Y,Y,Y,Y,Y,Y,Y,N,N,N,Y,Y,N,N,N,Y,Y,Y,Y,N,Y,Y,Y,Y,N,Y,Y,Y,Y,N,Y,Y,N,N,N,Y,Y,Y,Y,N,N,Y,N,N,N,N,Y,N,N,N,N,Y,N,N,N,Y,Y,N,N,N,N,Y,N,N,N,Y,Y,N,N,N,N,Y,N,N,N,Y,Y,Y,Y,Y
/reports/pm/monthly/history,PM Report History,,reports,N,N,Y,Y,Y,Y,N,Y,Y,Y,Y,N,Y,N,N,N,N,Y,N,N,N,N,Y,Y,Y,N,N,Y,Y,Y,N,N,Y,Y,Y,N,N,Y,N,N,N,N,Y,Y,Y,N,N,Y,N,N,N,N,Y,N,N,N,N,Y,N,N,N,N,Y,N,N,N,N,Y,N,N,N,N,Y,N,N,N,N,Y,N,N,N,N,Y,Y,Y,Y
/reports/pm/monthly/compare,PM Report Compare,,reports,N,N,Y,Y,Y,Y,N,Y,Y,Y,Y,N,Y,N,N,N,N,Y,N,N,N,N,Y,Y,Y,N,N,Y,Y,Y,N,N,Y,Y,Y,N,N,Y,N,N,N,N,Y,Y,Y,N,N,Y,N,N,N,N,Y,N,N,N,N,Y,N,N,N,N,Y,N,N,N,N,Y,N,N,N,N,Y,N,N,N,N,Y,N,N,N,N,Y,Y,Y,Y
/reports/pm/monthly/:month/project/:projectId,PM Report Project,,reports,N,N,Y,Y,Y,Y,N,Y,Y,Y,Y,N,Y,N,N,N,N,Y,N,N,N,N,Y,Y,Y,N,N,Y,Y,Y,N,N,Y,Y,Y,N,N,Y,N,N,N,N,Y,Y,Y,N,N,Y,N,N,N,N,Y,N,N,N,N,Y,N,N,N,N,Y,N,N,N,N,Y,N,N,N,N,Y,N,N,N,N,Y,N,N,N,N,Y,Y,Y,Y
/reports/engineering/monthly,Engineering Monthly Report,REPORTS,reports,Y,Y,Y,Y,Y,Y,Y,Y,Y,Y,Y,Y,Y,N,N,N,Y,Y,N,N,N,Y,Y,Y,Y,N,Y,Y,Y,Y,N,Y,Y,Y,Y,N,Y,Y,N,N,N,Y,Y,Y,Y,N,N,Y,N,N,N,N,Y,N,N,N,N,Y,N,N,N,Y,Y,N,N,N,N,Y,N,N,N,Y,Y,N,N,N,N,Y,N,N,N,Y,Y,Y,Y,Y
/reports/engineering/monthly/history,Engineering Report History,,reports,N,N,Y,Y,Y,Y,N,Y,Y,Y,Y,N,Y,N,N,N,N,Y,N,N,N,N,Y,Y,Y,N,N,Y,Y,Y,N,N,Y,Y,Y,N,N,Y,N,N,N,N,Y,Y,Y,N,N,Y,N,N,N,N,Y,N,N,N,N,Y,N,N,N,N,Y,N,N,N,N,Y,N,N,N,N,Y,N,N,N,N,Y,N,N,N,N,Y,Y,Y,Y
/reports/engineering/monthly/compare,Engineering Report Compare,,reports,N,N,Y,Y,Y,Y,N,Y,Y,Y,Y,N,Y,N,N,N,N,Y,N,N,N,N,Y,Y,Y,N,N,Y,Y,Y,N,N,Y,Y,Y,N,N,Y,N,N,N,N,Y,Y,Y,N,N,Y,N,N,N,N,Y,N,N,N,N,Y,N,N,N,N,Y,N,N,N,N,Y,N,N,N,N,Y,N,N,N,N,Y,N,N,N,N,Y,Y,Y,Y
/reports/engineering/monthly/:month/project/:projectId,Engineering Report Project,,reports,N,N,Y,Y,Y,Y,N,Y,Y,Y,Y,N,Y,N,N,N,N,Y,N,N,N,N,Y,Y,Y,N,N,Y,Y,Y,N,N,Y,Y,Y,N,N,Y,N,N,N,N,Y,Y,Y,N,N,Y,N,N,N,N,Y,N,N,N,N,Y,N,N,N,N,Y,N,N,N,N,Y,N,N,N,N,Y,N,N,N,N,Y,N,N,N,N,Y,Y,Y,Y
/admin/recovery,Recovery Center,ADMIN,admin,Y,Y,Y,Y,Y,Y,Y,Y,Y,Y,Y,N,N,N,N,N,N,N,N,N,N,N,N,N,N,N,N,N,N,N,N,N,N,N,N,N,N,N,N,N,N,N,N,N,N,N,N,N,N,N,N,N,N,N,N,N,N,N,N,N,N,N,N,N,N,N,N,N,N,N,N,N,N,N,N,N,N,N,N,N,N,Y,Y,Y,Y,Y
/admin/stage-lifecycle,Stage Lifecycle,,stage_admin,N,N,Y,Y,Y,Y,N,Y,Y,Y,Y,N,N,N,N,N,N,N,N,N,N,N,N,N,N,N,N,N,N,N,N,N,N,N,N,N,N,N,N,N,N,N,N,N,N,N,N,N,N,N,N,N,N,N,N,N,N,N,N,N,N,N,N,N,N,N,N,N,N,N,N,N,N,N,N,N,N,N,N,N,N,N,Y,Y,Y,Y
/admin/control-center,Control Center,ADMIN,admin,Y,Y,Y,Y,Y,Y,Y,Y,Y,Y,Y,N,N,N,N,N,N,N,N,N,N,N,N,N,N,N,N,N,N,N,N,N,N,N,N,N,N,N,N,N,N,N,N,N,N,N,N,N,N,N,N,N,N,N,N,N,N,N,N,N,N,N,N,N,N,N,N,N,N,N,N,N,N,N,N,N,N,N,N,N,N,Y,Y,Y,Y,Y
/clients/:clientId/project/:projectId,Project Departments,,pd_clients,N,N,Y,Y,Y,Y,N,Y,Y,Y,Y,N,Y,Y,Y,N,N,N,N,N,N,N,N,N,N,N,N,N,N,N,N,N,N,N,N,N,N,N,N,N,N,N,N,N,N,N,N,Y,Y,Y,N,N,N,N,N,N,N,N,N,N,N,N,N,N,N,N,N,Y,Y,Y,N,N,N,N,N,N,N,N,N,N,N,N,Y,Y,Y,Y
/clients/:clientId,Client Detail,,pd_clients,N,N,Y,Y,Y,Y,N,Y,Y,Y,Y,N,Y,Y,Y,N,N,N,N,N,N,N,N,N,N,N,N,N,N,N,N,N,N,N,N,N,N,N,N,N,N,N,N,N,N,N,N,Y,Y,Y,N,N,N,N,N,N,N,N,N,N,N,N,N,N,N,N,N,Y,Y,Y,N,N,N,N,N,N,N,N,N,N,N,N,Y,Y,Y,Y
/clients,Clients,PROJECT_DEVELOPMENT,pd_clients,Y,Y,Y,Y,Y,Y,Y,Y,Y,Y,Y,Y,Y,Y,Y,N,N,N,N,N,N,N,N,N,N,N,N,N,N,N,N,N,N,N,N,N,N,N,N,N,N,N,N,N,N,N,Y,Y,Y,Y,N,N,N,N,N,N,N,N,N,N,N,N,N,N,N,N,Y,Y,Y,Y,N,N,N,N,N,N,N,N,N,N,N,Y,Y,Y,Y,Y
/actions/launchpad,Quick Create,,work_items,N,N,Y,Y,Y,Y,N,Y,Y,Y,Y,N,Y,N,N,N,N,Y,N,N,N,N,Y,Y,Y,N,N,Y,Y,Y,N,N,Y,Y,Y,N,N,Y,N,N,N,N,Y,N,N,N,N,Y,N,N,N,N,Y,N,N,N,N,Y,Y,Y,N,N,Y,Y,Y,N,N,Y,N,N,N,N,Y,N,N,N,N,Y,N,N,N,N,Y,Y,Y,Y
/pd/handover/:projectId,PD to PM Handover,,handover,N,N,Y,Y,Y,Y,N,Y,Y,Y,Y,N,Y,N,N,N,N,N,N,N,N,N,Y,Y,Y,N,N,Y,N,N,N,N,Y,N,N,N,N,N,N,N,N,N,N,N,N,N,N,Y,N,N,N,N,N,N,N,N,N,N,N,N,N,N,Y,N,N,N,N,Y,Y,Y,N,N,Y,N,N,N,N,N,N,N,N,N,Y,Y,Y,Y
/pm/handover-review,PM Handover Review,,handover,N,N,Y,Y,Y,Y,N,Y,Y,Y,Y,N,Y,N,N,N,N,N,N,N,N,N,Y,Y,Y,N,N,Y,N,N,N,N,Y,N,N,N,N,N,N,N,N,N,N,N,N,N,N,Y,N,N,N,N,N,N,N,N,N,N,N,N,N,N,Y,N,N,N,N,Y,Y,Y,N,N,Y,N,N,N,N,N,N,N,N,N,Y,Y,Y,Y
/governance/financial-reviews,Financial Review Queue,PROJECT_DELIVERY,approvals,Y,Y,Y,Y,Y,Y,Y,Y,Y,Y,Y,N,Y,N,N,N,Y,Y,N,N,N,Y,Y,N,N,N,Y,Y,N,N,N,Y,Y,Y,Y,N,Y,Y,Y,Y,N,Y,Y,Y,Y,N,N,N,N,N,N,N,N,N,N,N,N,N,N,N,N,Y,Y,Y,Y,N,N,N,N,N,N,Y,Y,N,N,N,Y,Y,N,N,N,Y,Y,Y,Y,Y
/pm/approvals,Approvals,PROJECT_DELIVERY,approvals,Y,Y,Y,Y,Y,Y,Y,Y,Y,Y,Y,N,Y,N,N,N,Y,Y,N,N,N,Y,Y,N,N,N,Y,Y,N,N,N,Y,Y,Y,Y,N,Y,Y,Y,Y,N,Y,Y,Y,Y,N,N,N,N,N,N,N,N,N,N,N,N,N,N,N,N,Y,Y,Y,Y,N,N,N,N,N,N,Y,Y,N,N,N,Y,Y,N,N,N,Y,Y,Y,Y,Y
/handover-control,Handover Control,PROJECT_DEVELOPMENT,handover,Y,Y,Y,Y,Y,Y,Y,Y,Y,Y,Y,Y,Y,N,N,N,N,N,N,N,N,N,Y,Y,Y,N,N,Y,N,N,N,N,Y,N,N,N,N,N,N,N,N,N,N,N,N,N,Y,Y,N,N,N,N,N,N,N,N,N,N,N,N,N,N,Y,N,N,N,Y,Y,Y,Y,N,N,Y,N,N,N,N,N,N,N,N,Y,Y,Y,Y,Y
/admin/phase-templates,Phase Templates,ADMIN,admin,Y,Y,Y,Y,Y,Y,Y,Y,Y,Y,Y,N,N,N,N,N,N,N,N,N,N,N,N,N,N,N,N,N,N,N,N,N,N,N,N,N,N,N,N,N,N,N,N,N,N,N,N,N,N,N,N,N,N,N,N,N,N,N,N,N,N,N,N,N,N,N,N,N,N,N,N,N,N,N,N,N,N,N,N,N,N,Y,Y,Y,Y,Y
/project-create,Create Project,,project_creation,N,N,Y,Y,Y,Y,N,Y,Y,Y,Y,N,Y,Y,Y,N,N,N,N,N,N,N,N,N,N,N,N,N,N,N,N,N,N,N,N,N,N,N,N,N,N,N,N,N,N,N,N,N,N,N,N,N,N,N,N,N,N,N,N,N,N,N,N,N,N,N,N,N,N,N,N,N,N,N,N,N,N,N,N,N,N,N,Y,Y,Y,Y
/admin/eng-templates,Engineering Templates,,admin,N,N,Y,Y,Y,Y,N,Y,Y,Y,Y,N,N,N,N,N,N,N,N,N,N,N,N,N,N,N,N,N,N,N,N,N,N,N,N,N,N,N,N,N,N,N,N,N,N,N,N,N,N,N,N,N,N,N,N,N,N,N,N,N,N,N,N,N,N,N,N,N,N,N,N,N,N,N,N,N,N,N,N,N,N,N,Y,Y,Y,Y
/sites,Sites,PROJECT_DELIVERY,projects,Y,Y,Y,Y,Y,Y,Y,Y,Y,Y,Y,N,Y,Y,Y,N,Y,Y,N,N,N,Y,Y,Y,Y,N,Y,Y,Y,Y,N,Y,Y,Y,Y,N,Y,Y,N,N,N,Y,Y,N,N,N,N,Y,N,N,N,N,Y,N,N,N,N,Y,N,N,N,Y,Y,N,N,N,N,Y,N,N,N,Y,Y,N,N,N,Y,Y,N,N,N,Y,Y,Y,Y,Y
/opportunities,Opportunities,PROJECT_DEVELOPMENT,pd_dashboard,Y,Y,Y,Y,Y,Y,Y,Y,Y,Y,Y,Y,Y,N,N,N,N,N,N,N,N,N,Y,N,N,N,N,N,N,N,N,N,N,N,N,N,N,N,N,N,N,N,N,N,N,N,Y,Y,N,N,N,N,N,N,N,N,N,N,N,N,N,N,N,N,N,N,Y,Y,N,N,N,N,N,N,N,N,N,N,N,N,N,Y,Y,Y,Y,Y
/po-approval-board,PO Approvals,PROJECT_DELIVERY,procurement,Y,Y,Y,Y,Y,Y,Y,Y,Y,Y,Y,N,Y,N,N,N,Y,Y,N,N,N,Y,Y,Y,Y,N,Y,Y,Y,Y,N,Y,Y,N,N,N,Y,N,N,N,N,Y,N,N,N,N,N,N,N,N,N,N,N,N,N,N,N,N,N,N,N,Y,N,N,N,N,N,N,N,N,N,Y,N,N,N,N,Y,N,N,N,N,Y,Y,Y,Y,Y
/payment-request-board,Payment Requests,PROJECT_DELIVERY,procurement,Y,Y,Y,Y,Y,Y,Y,Y,Y,Y,Y,N,Y,N,N,N,Y,Y,N,N,N,Y,Y,Y,Y,N,Y,Y,Y,Y,N,Y,Y,N,N,N,Y,N,N,N,N,Y,N,N,N,N,N,N,N,N,N,N,N,N,N,N,N,N,N,N,N,Y,N,N,N,N,N,N,N,N,N,Y,N,N,N,N,Y,N,N,N,N,Y,Y,Y,Y,Y
/payment-batch-manager,Payment Batches,PROJECT_DELIVERY,procurement,Y,Y,Y,Y,Y,Y,Y,Y,Y,Y,Y,N,Y,N,N,N,Y,Y,N,N,N,Y,Y,Y,Y,N,Y,Y,Y,Y,N,Y,Y,N,N,N,Y,N,N,N,N,Y,N,N,N,N,N,N,N,N,N,N,N,N,N,N,N,N,N,N,N,Y,N,N,N,N,N,N,N,N,N,Y,N,N,N,N,Y,N,N,N,N,Y,Y,Y,Y,Y
/hse,"Health, Safety & Environment",HSE,hse,Y,Y,Y,Y,Y,Y,N,Y,Y,Y,Y,N,Y,N,N,N,N,N,N,N,N,Y,Y,N,N,N,N,Y,N,N,N,Y,Y,Y,Y,N,N,Y,Y,Y,N,N,Y,N,N,N,N,N,N,N,N,N,N,N,N,N,N,N,N,N,N,Y,Y,N,N,N,N,N,N,N,N,Y,Y,Y,Y,N,Y,Y,N,N,N,Y,Y,Y,Y,Y
/handover,Handover & Closeout,PROJECT_DELIVERY,handover,Y,Y,Y,Y,Y,Y,Y,Y,Y,Y,Y,N,Y,N,N,N,Y,N,N,N,N,Y,Y,Y,Y,N,Y,Y,N,N,N,Y,Y,N,N,N,Y,N,N,N,N,Y,N,N,N,N,N,Y,N,N,N,N,N,N,N,N,N,N,N,N,N,Y,Y,N,N,N,N,Y,Y,Y,N,Y,Y,N,N,N,Y,N,N,N,N,Y,Y,Y,Y,Y
/admin/lessons,Lessons Learnt,,handover,N,N,Y,Y,Y,Y,N,Y,Y,Y,Y,N,Y,N,N,N,N,N,N,N,N,N,Y,Y,Y,N,N,Y,N,N,N,N,Y,N,N,N,N,N,N,N,N,N,N,N,N,N,N,Y,N,N,N,N,N,N,N,N,N,N,N,N,N,N,Y,N,N,N,N,Y,Y,Y,N,N,Y,N,N,N,N,N,N,N,N,N,Y,Y,Y,Y
/admin/handover-health,Handover Health Score,,handover,N,N,Y,Y,Y,Y,N,Y,Y,Y,Y,N,Y,N,N,N,N,N,N,N,N,N,Y,Y,Y,N,N,Y,N,N,N,N,Y,N,N,N,N,N,N,N,N,N,N,N,N,N,N,Y,N,N,N,N,N,N,N,N,N,N,N,N,N,N,Y,N,N,N,N,Y,Y,Y,N,N,Y,N,N,N,N,N,N,N,N,N,Y,Y,Y,Y
/admin/settings,System Settings,,admin,N,N,Y,Y,Y,Y,N,Y,Y,Y,Y,N,N,N,N,N,N,N,N,N,N,N,N,N,N,N,N,N,N,N,N,N,N,N,N,N,N,N,N,N,N,N,N,N,N,N,N,N,N,N,N,N,N,N,N,N,N,N,N,N,N,N,N,N,N,N,N,N,N,N,N,N,N,N,N,N,N,N,N,N,N,N,Y,Y,Y,Y
/admin/workflow-config,Workflow Configuration,,admin,N,N,Y,Y,Y,Y,N,Y,Y,Y,Y,N,N,N,N,N,N,N,N,N,N,N,N,N,N,N,N,N,N,N,N,N,N,N,N,N,N,N,N,N,N,N,N,N,N,N,N,N,N,N,N,N,N,N,N,N,N,N,N,N,N,N,N,N,N,N,N,N,N,N,N,N,N,N,N,N,N,N,N,N,N,N,Y,Y,Y,Y
/admin/data-migration-status,Data Migration Status,,admin,N,N,Y,Y,Y,Y,N,Y,Y,Y,Y,N,N,N,N,N,N,N,N,N,N,N,N,N,N,N,N,N,N,N,N,N,N,N,N,N,N,N,N,N,N,N,N,N,N,N,N,N,N,N,N,N,N,N,N,N,N,N,N,N,N,N,N,N,N,N,N,N,N,N,N,N,N,N,N,N,N,N,N,N,N,N,Y,Y,Y,Y
/admin/pipedrive,Pipedrive Integration,,admin,N,N,Y,Y,Y,Y,N,Y,Y,Y,Y,N,N,N,N,N,N,N,N,N,N,N,N,N,N,N,N,N,N,N,N,N,N,N,N,N,N,N,N,N,N,N,N,N,N,N,N,N,N,N,N,N,N,N,N,N,N,N,N,N,N,N,N,N,N,N,N,N,N,N,N,N,N,N,N,N,N,N,N,N,N,N,Y,Y,Y,Y
/admin/quickbooks,QuickBooks Integration,,admin,N,N,Y,Y,Y,Y,N,Y,Y,Y,Y,N,N,N,N,N,N,N,N,N,N,N,N,N,N,N,N,N,N,N,N,N,N,N,N,N,N,N,N,N,N,N,N,N,N,N,N,N,N,N,N,N,N,N,N,N,N,N,N,N,N,N,N,N,N,N,N,N,N,N,N,N,N,N,N,N,N,N,N,N,N,N,Y,Y,Y,Y
/finance/quickbooks-customer-mapping,QB Customer Mapping,,financials,N,N,Y,Y,Y,Y,N,Y,Y,Y,Y,N,Y,N,N,N,N,Y,Y,Y,N,N,Y,N,N,N,N,Y,Y,Y,N,N,N,N,N,N,N,N,N,N,N,N,N,N,N,N,N,N,N,N,N,N,Y,Y,Y,N,N,N,N,N,N,N,N,N,N,N,N,N,N,N,N,N,N,N,N,N,N,N,N,N,N,N,Y,Y,Y,Y
/finance/quickbooks-links,QB Bill Linking,,financials,N,N,Y,Y,Y,Y,N,Y,Y,Y,Y,N,Y,N,N,N,N,Y,Y,Y,N,N,Y,N,N,N,N,Y,Y,Y,N,N,N,N,N,N,N,N,N,N,N,N,N,N,N,N,N,N,N,N,N,N,Y,Y,Y,N,N,N,N,N,N,N,N,N,N,N,N,N,N,N,N,N,N,N,N,N,N,N,N,N,N,N,Y,Y,Y,Y
/gates,Gates Pipeline,PORTFOLIO,lifecycle,Y,Y,Y,Y,Y,Y,Y,Y,Y,Y,Y,Y,Y,N,N,N,Y,Y,N,N,N,Y,Y,Y,Y,N,Y,Y,N,N,N,N,Y,N,N,N,N,Y,N,N,N,N,Y,N,N,N,Y,Y,N,N,N,N,N,N,N,N,N,N,N,N,N,N,Y,N,N,N,N,Y,N,N,N,N,Y,N,N,N,N,Y,N,N,N,Y,Y,Y,Y,Y
/gates/blocked,Blocked Gates,PORTFOLIO,lifecycle,Y,Y,Y,Y,Y,Y,Y,Y,Y,Y,Y,Y,Y,N,N,N,Y,Y,N,N,N,Y,Y,Y,Y,N,Y,Y,N,N,N,N,Y,N,N,N,N,Y,N,N,N,N,Y,N,N,N,Y,Y,N,N,N,N,N,N,N,N,N,N,N,N,N,N,Y,N,N,N,N,Y,N,N,N,N,Y,N,N,N,N,Y,N,N,N,Y,Y,Y,Y,Y
/gates/ready,Ready Gates,,lifecycle,N,N,Y,Y,Y,Y,N,Y,Y,Y,Y,N,Y,N,N,N,N,Y,N,N,N,N,Y,Y,Y,N,N,Y,N,N,N,N,Y,N,N,N,N,Y,N,N,N,N,Y,N,N,N,N,Y,N,N,N,N,N,N,N,N,N,N,N,N,N,N,Y,N,N,N,N,Y,N,N,N,N,Y,N,N,N,N,Y,N,N,N,N,Y,Y,Y,Y
/gates/exceptions,Gate Exceptions,PORTFOLIO,lifecycle,Y,Y,Y,Y,Y,Y,Y,Y,Y,Y,Y,Y,Y,N,N,N,Y,Y,N,N,N,Y,Y,Y,Y,N,Y,Y,N,N,N,N,Y,N,N,N,N,Y,N,N,N,N,Y,N,N,N,Y,Y,N,N,N,N,N,N,N,N,N,N,N,N,N,N,Y,N,N,N,N,Y,N,N,N,N,Y,N,N,N,N,Y,N,N,N,Y,Y,Y,Y,Y
/gates/client-updates,Client Updates,,lifecycle,N,N,Y,Y,Y,Y,N,Y,Y,Y,Y,N,Y,N,N,N,N,Y,N,N,N,N,Y,Y,Y,N,N,Y,N,N,N,N,Y,N,N,N,N,Y,N,N,N,N,Y,N,N,N,N,Y,N,N,N,N,N,N,N,N,N,N,N,N,N,N,Y,N,N,N,N,Y,N,N,N,N,Y,N,N,N,N,Y,N,N,N,N,Y,Y,Y,Y
/gates/handovers,Handover Queue,,lifecycle,N,N,Y,Y,Y,Y,N,Y,Y,Y,Y,N,Y,N,N,N,N,Y,N,N,N,N,Y,Y,Y,N,N,Y,N,N,N,N,Y,N,N,N,N,Y,N,N,N,N,Y,N,N,N,N,Y,N,N,N,N,N,N,N,N,N,N,N,N,N,N,Y,N,N,N,N,Y,N,N,N,N,Y,N,N,N,N,Y,N,N,N,N,Y,Y,Y,Y
/gates/queries,Open Queries,,lifecycle,N,N,Y,Y,Y,Y,N,Y,Y,Y,Y,N,Y,N,N,N,N,Y,N,N,N,N,Y,Y,Y,N,N,Y,N,N,N,N,Y,N,N,N,N,Y,N,N,N,N,Y,N,N,N,N,Y,N,N,N,N,N,N,N,N,N,N,N,N,N,N,Y,N,N,N,N,Y,N,N,N,N,Y,N,N,N,N,Y,N,N,N,N,Y,Y,Y,Y
/gates/commitments,Client Commitments,,lifecycle,N,N,Y,Y,Y,Y,N,Y,Y,Y,Y,N,Y,N,N,N,N,Y,N,N,N,N,Y,Y,Y,N,N,Y,N,N,N,N,Y,N,N,N,N,Y,N,N,N,N,Y,N,N,N,N,Y,N,N,N,N,N,N,N,N,N,N,N,N,N,N,Y,N,N,N,N,Y,N,N,N,N,Y,N,N,N,N,Y,N,N,N,N,Y,Y,Y,Y
/milestone-tracker,Milestone Tracker,PROJECT_DELIVERY,execution_board,Y,Y,Y,Y,Y,Y,Y,Y,Y,Y,Y,N,Y,N,N,N,Y,Y,N,N,N,Y,Y,Y,Y,N,Y,Y,N,N,N,Y,Y,N,N,N,Y,Y,N,N,N,Y,Y,N,N,N,N,Y,N,N,N,N,Y,N,N,N,N,Y,N,N,N,Y,Y,N,N,N,N,Y,N,N,N,Y,Y,N,N,N,Y,Y,N,N,N,Y,Y,Y,Y,Y
/commissioning-dashboard,Commissioning,QUALITY,commissioning,Y,Y,Y,Y,Y,Y,N,Y,Y,Y,Y,N,Y,N,N,N,N,N,N,N,N,Y,Y,Y,Y,N,N,Y,N,N,N,Y,Y,Y,Y,N,Y,Y,N,N,N,Y,Y,N,N,N,N,N,N,N,N,N,N,N,N,N,Y,Y,N,N,N,Y,Y,Y,Y,N,N,Y,N,N,N,N,Y,N,N,N,Y,Y,N,N,N,Y,Y,Y,Y,Y
/commissioning-dashboard/:projectId,Commissioning Dashboard,,commissioning,N,N,Y,Y,Y,Y,N,Y,Y,Y,Y,N,Y,N,N,N,N,N,N,N,N,N,Y,Y,Y,N,N,Y,N,N,N,N,Y,Y,Y,N,N,Y,N,N,N,N,Y,N,N,N,N,N,N,N,N,N,N,N,N,N,N,Y,N,N,N,N,Y,Y,Y,N,N,Y,N,N,N,N,Y,N,N,N,N,Y,N,N,N,N,Y,Y,Y,Y